<?xml version="1.0" encoding="UTF-8"?>
<ejb-jar xmlns="http://java.sun.com/xml/ns/j2ee" version="2.1"
 xmlns:xsi="http://www.w3.org/2001/XMLSchema-instance" 
 xsi:schemaLocation="http://java.sun.com/xml/ns/j2ee http://java.sun.com/xml/ns/j2ee/ejb-jar_2_1.xsd">
  <display-name>StockListBmpJar</display-name>
  <enterprise-beans>
    <entity>
      <ejb-name>StockEjb</ejb-name>
      <home>beans_2x.StockHome</home>
      <remote>beans_2x.Stock</remote>
      <ejb-class>beans_2x.StockBean</ejb-class>
      <persistence-type>Bean</persistence-type>
      <prim-key-class>java.lang.String</prim-key-class>
      <reentrant>false</reentrant>
      <resource-ref>
        <res-ref-name>jdbc/StockDB</res-ref-name>
        <res-type>javax.sql.DataSource</res-type>
        <res-auth>Container</res-auth>
        <res-sharing-scope>Shareable</res-sharing-scope>
      </resource-ref>
      <security-identity>
        <use-caller-identity/>
      </security-identity>
    </entity>
  </enterprise-beans>
  <assembly-descriptor>
    <container-transaction>
      <method>
        <ejb-name>StockEjb</ejb-name>
        <method-intf>Remote</method-intf>
        <method-name>setName</method-name>
        <method-params>
          <method-param>java.lang.String</method-param>
        </method-params>
      </method>
      <trans-attribute>Required</trans-attribute>
    </container-transaction>
    <container-transaction>
      <method>
        <ejb-name>StockEjb</ejb-name>
        <method-intf>Remote</method-intf>
        <method-name>getName</method-name>
      </method>
      <trans-attribute>Required</trans-attribute>
    </container-transaction>
    <container-transaction>
      <method>
        <ejb-name>StockEjb</ejb-name>
        <method-intf>Remote</method-intf>
        <method-name>remove</method-name>
      </method>
      <trans-attribute>Required</trans-attribute>
    </container-transaction>
    <container-transaction>
      <method>
        <ejb-name>StockEjb</ejb-name>
        <method-intf>Remote</method-intf>
        <method-name>getTickerSymbol</method-name>
      </method>
      <trans-attribute>Required</trans-attribute>
    </container-transaction>
  </assembly-descriptor>
</ejb-jar>
