<?xml version="1.0"?>
<faces-config xmlns="http://java.sun.com/xml/ns/javaee"
   xmlns:xsi="http://www.w3.org/2001/XMLSchema-instance"
   xsi:schemaLocation="http://java.sun.com/xml/ns/javaee/web-facesconfig_1_2.xsd"
   version="1.2">
   <navigation-rule>
    <from-view-id>/searchForm.jsp</from-view-id>
    <navigation-case>
      <from-outcome>success</from-outcome>
      <to-view-id>/searchResults.jsp</to-view-id>
      <redirect/>
    </navigation-case>
    <navigation-case>
      <from-outcome>no flights</from-outcome>
      <to-view-id>/noFlights.jsp</to-view-id>
      <redirect/>
    </navigation-case>
  </navigation-rule>

   <navigation-rule>
    <from-view-id>/searchResults.jsp</from-view-id>
    <navigation-case>
      <from-outcome>select</from-outcome>
      <to-view-id>/selectedFlight.jsp</to-view-id>
      <redirect/>
    </navigation-case>
  </navigation-rule>

   <navigation-rule>
    <navigation-case>
      <from-action>#{flight.reset}</from-action>
      <from-outcome>success</from-outcome>
      <to-view-id>/searchForm.jsp</to-view-id>
      <redirect/>
    </navigation-case>
  </navigation-rule>

  <managed-bean>
    <managed-bean-name>flight</managed-bean-name>
    <managed-bean-class>com.apress.jsf.FlightSearch</managed-bean-class>
    <managed-bean-scope>session</managed-bean-scope>
    <managed-property>
      <property-name>matchingFlights</property-name>
      <list-entries>
        <value-class>com.apress.jsf.Flight</value-class>
        <value>#{flight1}</value>
        <value>#{flight2}</value>
      </list-entries>
    </managed-property>
  </managed-bean>
  <managed-bean>
    <managed-bean-name>times</managed-bean-name>
    <managed-bean-class>com.apress.jsf.FlightTimes</managed-bean-class>
    <managed-bean-scope>session</managed-bean-scope>
  </managed-bean> 
  <managed-bean>
    <managed-bean-name>types</managed-bean-name>
    <managed-bean-class>com.apress.jsf.FlightTypes</managed-bean-class>
    <managed-bean-scope>session</managed-bean-scope>
  </managed-bean>
  <managed-bean>
    <managed-bean-name>flight1</managed-bean-name>
    <managed-bean-class>com.apress.jsf.Flight</managed-bean-class>
    <managed-bean-scope>none</managed-bean-scope>
  </managed-bean>
  <managed-bean>
    <managed-bean-name>flight2</managed-bean-name>
    <managed-bean-class>com.apress.jsf.Flight</managed-bean-class>
    <managed-bean-scope>none</managed-bean-scope>
  </managed-bean>
</faces-config>