<?xml version="1.0"?>
<faces-config xmlns="http://java.sun.com/xml/ns/javaee"
   xmlns:xsi="http://www.w3.org/2001/XMLSchema-instance"
   xsi:schemaLocation="http://java.sun.com/xml/ns/javaee/web-facesconfig_1_2.xsd"
   version="1.2">
   <navigation-rule>
    <from-view-id>/searchForm.jsp</from-view-id>
    <navigation-case>
      <from-outcome>submit</from-outcome>
      <to-view-id>/searchResults.jsp</to-view-id>
      <redirect/>
    </navigation-case>
  </navigation-rule>
  <managed-bean>
    <managed-bean-name>flight</managed-bean-name>
    <managed-bean-class>com.apress.jsf.FlightSearch</managed-bean-class>
    <managed-bean-scope>session</managed-bean-scope>
  </managed-bean>
</faces-config>